instruction,response,category
What are some steps to research different majors?,"Start by thinking about subjects you enjoy and the kind of work you'd like to do long term. Read course descriptions, talk to professors, and watch online lectures to understand what each field really involves.",Choosing a Major / University
How can I choose the right major for me?,"Think about your strengths, interests, and long-term career goals. Pick a field that challenges you but still excites you—that's where you'll thrive the most.",Choosing a Major / University
How can I match my strengths with a good major?,List the subjects where you naturally perform well and research majors that use those skills daily. Trying introductory courses in a few areas can also help you spot the right fit.,Choosing a Major / University
How do I know if a university is reputable?,"Check global or regional rankings, accreditation status, and graduate employment rates to gauge reputation. Visiting campus and talking to alumni can give you a real-world picture beyond the rankings.",Choosing a Major / University
What are common mistakes students make when choosing a university?,"Some students pick schools just for prestige or because friends go there. Always focus on academic fit, program quality, and personal growth instead of external pressure.",Choosing a Major / University
How do I decide between two majors I like?,"If you're torn between majors, explore introductory courses in both. See which one excites you more or leads toward your dream career, then make your choice with confidence.",Choosing a Major / University
What subjects lead to the most career opportunities?,"Fields like technology, healthcare, business, and engineering consistently offer strong job markets. That said, any major can lead to great opportunities if you combine it with relevant skills and experience.",Choosing a Major / University
Can you give me tips on selecting a college program?,"Of course! Think about future job prospects, program reputation, and what kind of learning environment keeps you motivated. Visiting campuses and talking to current students can also help you decide.",Choosing a Major / University
What factors should I consider when picking a university?,"Compare universities based on program quality, location, costs, and available support services. Your comfort and growth in the environment matter just as much as the name on the degree.",Choosing a Major / University
I'm not sure what to study—how can I figure it out?,That's completely normal! Try taking a personality or career-interest test—they can highlight fields that fit your strengths and passions. Speaking with a career counselor is also a great starting point.,Choosing a Major / University
Does my high school GPA affect which universities I can apply to?,"Yes, your GPA is one of the key factors universities consider during admissions. A strong GPA opens more doors, but many schools also look at extracurriculars, essays, and test scores as part of a well-rounded application.",Choosing a Major / University
How important is university location when choosing where to study?,"Location matters more than many students expect! It affects your internship opportunities, cost of living, networking, and overall lifestyle. Think about whether you prefer a big city, a quiet campus town, or something close to home.",Choosing a Major / University
Should I choose a major based on salary potential?,"Salary is worth considering, but it shouldn't be your only guide. A career you're passionate about will keep you motivated through tough times. Ideally, find a balance between something you enjoy and something that pays well enough to meet your goals.",Choosing a Major / University
What is the difference between a college and a university?,"Colleges are generally smaller institutions that focus on undergraduate education, while universities are larger and offer both undergraduate and postgraduate programs. Both can be excellent choices depending on your academic goals.",Choosing a Major / University
How do I know if a program is accredited?,"Visit the university's official website and look for their accreditation information, or check with your country's higher education authority. Accreditation ensures the program meets national quality standards and that your degree will be recognized by employers.",Choosing a Major / University
Can I change my major after I start university?,"Absolutely! Many students change their major in their first or second year. Just be aware that switching can sometimes add extra semesters, so talk to an academic advisor early to minimize any delays in your graduation.",Choosing a Major / University
What is a double major and should I consider it?,"A double major means earning two degrees within the same program duration. It's a great option if you have strong interests in two fields, but make sure you can handle the workload before committing to it.",Choosing a Major / University
How do I find out what courses are included in a specific major?,Check the university's official website or course catalog—most schools publish detailed curriculum breakdowns for every program. You can also email the department directly and ask for a sample study plan.,Choosing a Major / University
What's the difference between a BA and a BSc degree?,"A Bachelor of Arts (BA) typically covers humanities, social sciences, and liberal arts, while a Bachelor of Science (BSc) focuses on science, math, or technical subjects. The right choice depends on the field you want to enter.",Choosing a Major / University
How do I choose between a public university and a private one?,"Public universities are often more affordable, especially for local students, while private universities sometimes offer smaller class sizes and more financial aid. Compare both options based on cost, program quality, and campus culture before deciding.",Choosing a Major / University
Is it okay to apply to universities in multiple countries?,Absolutely—it's actually a smart strategy! Applying to schools in different countries gives you more options and can improve your chances of getting accepted to a strong program. Just research visa requirements and tuition costs for each country.,Choosing a Major / University
What extracurricular activities help strengthen a university application?,"Leadership roles, volunteering, sports, arts, and academic clubs all make your application stronger. Universities love to see students who are well-rounded and actively contribute to their community outside of the classroom.",Choosing a Major / University
How do I write a strong personal statement for university?,"Be genuine and specific. Talk about your academic journey, what sparked your interest in the field, and what you hope to achieve. Avoid generic phrases—a personal story that only you could tell is far more memorable.",Choosing a Major / University
What is an open day at a university and should I attend?,"An open day is when universities invite prospective students to tour the campus, meet faculty, and attend information sessions. Attending is highly recommended—it gives you a real feel for the environment and helps you decide if it's the right fit.",Choosing a Major / University
How many universities should I apply to?,"Most students apply to five to ten universities—a mix of reach schools, match schools, and safety schools. This strategy gives you options while still aiming high. Always follow each school's specific application guidelines carefully.",Choosing a Major / University
What is a foundation year and who is it for?,A foundation year is a preparatory year offered by some universities for students who don't yet meet direct entry requirements. It's a great pathway if your qualifications need some strengthening before you start your full undergraduate degree.,Choosing a Major / University
Can I get into a good university without perfect grades?,"Yes! Many universities take a holistic approach to admissions. Strong essays, recommendation letters, relevant experience, and genuine passion for your subject can all make a powerful impression even if your grades aren't perfect.",Choosing a Major / University
What should I look for when reading a university's rankings?,"Look beyond the overall ranking and check subject-specific rankings, student satisfaction scores, and graduate employment rates. A university ranked 100th overall might be in the top 10 for your specific field.",Choosing a Major / University
How do I decide if a campus culture is right for me?,"Visit the campus if you can, or join student forums and social media groups to get a feel for the community. Talk to current students honestly about their experience—they'll give you insights that official brochures won't.",Choosing a Major / University
What is the Common Application and how does it work?,"The Common Application is a platform used by hundreds of universities, mainly in the United States, that lets you apply to multiple schools using a single form. You fill in your personal details, essays, and activities once, then submit to as many participating schools as you like.",Choosing a Major / University
Should I consider studying abroad for my undergraduate degree?,"Studying abroad is an incredible experience that builds independence, cultural awareness, and global career connections. Research tuition fees, living costs, and visa requirements carefully, and look into scholarships that support international study.",Choosing a Major / University
What is a gap year and should I take one before university?,"A gap year is a year taken between finishing school and starting university—often used for travel, work, or volunteering. It can help you mature and clarify your goals, but make sure you use it productively so it adds value to your application.",Choosing a Major / University
How do I decide if a STEM major is right for me?,"If you enjoy solving problems, working with data, or understanding how things work scientifically, a STEM major could be an excellent fit. Try advanced math or science courses and see how you feel about the challenge before committing.",Choosing a Major / University
What is a liberal arts education?,"A liberal arts education emphasizes broad learning across subjects like literature, history, philosophy, and social sciences alongside your main field. It develops critical thinking and communication skills that are highly valued across many careers.",Choosing a Major / University
How do universities assess applicants beyond grades?,"Universities often review personal statements, recommendation letters, extracurricular achievements, and interviews. They want to understand who you are as a person, not just what grades you earned in class.",Choosing a Major / University
Is it better to attend a large university or a small one?,"It depends on your personality and goals. Large universities offer more programs, research opportunities, and social diversity. Smaller ones often provide closer relationships with professors and a tighter-knit community. Think about where you'd thrive.",Choosing a Major / University
What does it mean to declare a major?,"Declaring a major means officially registering your chosen field of study with your university. Most schools ask you to do this by the end of your first or second year, though some programs require it from the start.",Choosing a Major / University
How can I explore careers before committing to a major?,"Shadow professionals in fields you're curious about, do internships, or volunteer in relevant settings. Talking to people who work in those roles can help you understand the day-to-day reality and decide if it's right for you.",Choosing a Major / University
What is a minor and how is it different from a major?,A minor is a secondary field of study that complements your main major. It typically requires fewer courses and gives you breadth without fully committing to a second degree. It can make your CV stand out to employers in related fields.,Choosing a Major / University
How do I evaluate the quality of a university's teaching staff?,"Look at the faculty's research publications, industry experience, and student reviews. Many universities list their professors' profiles online—checking their backgrounds can give you confidence in the quality of teaching you'll receive.",Choosing a Major / University
What is student-to-faculty ratio and why does it matter?,"The student-to-faculty ratio tells you how many students share each professor on average. A lower ratio usually means smaller classes and more personal attention from lecturers, which many students find beneficial for learning.",Choosing a Major / University
Can I work part-time while studying at university?,Many students work part-time and manage their studies successfully. Just be honest with yourself about how many hours you can commit to work without affecting your academic performance—balance is the key.,Choosing a Major / University
What is the UCAS process for applying to UK universities?,"UCAS is the central platform for applying to undergraduate programs in the United Kingdom. You submit one application through the UCAS website listing up to five course choices, along with your personal statement and reference letters.",Choosing a Major / University
How do I evaluate a university's career services?,"Check if the university has a dedicated careers office, internship programs, employer partnerships, and alumni networks. Strong career support can make a significant difference in how quickly you find work after graduating.",Choosing a Major / University
What should I consider about campus safety before choosing a university?,"Research the university's safety record, look at student reviews, and check if the campus has well-lit facilities and a 24-hour security team. Your sense of security on campus will directly affect your wellbeing and ability to focus on studies.",Choosing a Major / University
Is an online undergraduate degree as respected as an in-person one?,"Online degrees from accredited institutions are increasingly respected by employers, especially post-pandemic. However, some fields still prefer in-person graduates for practical training. Always check how your target industry views online qualifications.",Choosing a Major / University
What are the benefits of attending a research university?,"Research universities offer students chances to work alongside professors on cutting-edge projects, access advanced laboratories, and publish academic work. This is especially valuable if you're planning to continue to postgraduate studies.",Choosing a Major / University
How do I know if the job market values my chosen major?,Research graduate employment statistics for your specific field and look at job postings in industries you're interested in. LinkedIn is a great tool to see what majors professionals in your target role actually studied.,Choosing a Major / University
What support services should a good university offer?,"Look for mental health counseling, academic tutoring, disability support, career guidance, and international student services. A university that invests in student wellbeing tends to produce happier, more successful graduates.",Choosing a Major / University
What does the admissions process typically look like?,"Most universities require an application form, academic transcripts, a personal statement, and reference letters. Some programs also ask for portfolio submissions, entrance exams, or interviews. Start preparing early so nothing catches you off guard.",Choosing a Major / University
How do I compare tuition fees across different universities?,"Use university comparison tools or official government higher education websites to compare tuition costs. Don't forget to factor in living costs, transportation, and materials—the total cost of studying varies a lot from place to place.",Choosing a Major / University
What is campus life like and why should it matter to me?,Campus life covers everything from student clubs and sports to social events and accommodation. A vibrant campus community can enrich your university experience and help you build lifelong friendships and professional connections.,Choosing a Major / University
How do I know if a university's location suits my lifestyle?,"Think about whether you prefer a city environment with more job opportunities or a quieter campus setting. Consider proximity to family, public transport links, and access to hobbies and interests that matter to you.",Choosing a Major / University
What is a transfer student and how does transferring universities work?,"A transfer student moves from one university to another, usually after completing one or two years. Most universities accept credits from accredited institutions, though not all credits may transfer directly. Check with the admissions office before deciding.",Choosing a Major / University
Should I choose a major with a guaranteed career path?,"Majors with clear career paths—like medicine, law, or engineering—give you a straightforward route, but they also come with high demands. Make sure the career at the end of that path genuinely excites you, not just the security it promises.",Choosing a Major / University
What are vocational undergraduate programs?,"Vocational programs are designed to prepare you directly for specific professions, such as nursing, teaching, or engineering. They often include practical placements and real workplace experience as part of the curriculum.",Choosing a Major / University
How do internship opportunities vary between universities?,Some universities have strong partnerships with local and global companies that make internship placement easier. Ask admissions teams about their internship placement rates and which employers regularly recruit from their campus.,Choosing a Major / University
What is a sandwich year in a university program?,"A sandwich year is a placement year where you work in industry as part of your degree, usually in your third year of a four-year program. It gives you real professional experience and often leads directly to a job offer after graduation.",Choosing a Major / University
How do I ask a teacher for a university recommendation letter?,Ask a teacher who knows your academic work well and can speak to your strengths genuinely. Give them plenty of notice—at least a month—and share information about the program you're applying to so they can tailor their letter effectively.,Choosing a Major / University
What is the personal statement and how long should it be?,"A personal statement is your chance to tell universities who you are beyond your grades. For UK applications through UCAS, it's limited to 4,000 characters. Make every sentence count—be specific, honest, and enthusiastic about your chosen field.",Choosing a Major / University
How early should I start preparing my university application?,"Ideally, start at least a year before the deadline. Give yourself time to research programs, write a strong personal statement, gather recommendation letters, and prepare for any required entrance exams without rushing.",Choosing a Major / University
What is a conditional offer from a university?,"A conditional offer means the university will accept you if you meet specific grade requirements in your final exams. It's a very positive sign—it means they want you, and now it's up to you to achieve the conditions.",Choosing a Major / University
What is an unconditional offer?,An unconditional offer means the university will accept you regardless of your final exam results. This is relatively rare and usually given to students with outstanding predicted grades or through early decision programs.,Choosing a Major / University
How do I prepare for a university admissions interview?,"Research your chosen program thoroughly and be ready to discuss why you want to study it. Practice answering common questions about your interests and goals, and come prepared with a few thoughtful questions to ask the interviewer.",Choosing a Major / University
What should I look for when comparing degree outcomes?,"Check graduate employment rates, average starting salaries, and the types of roles graduates go into. Many universities publish this data annually—use it to compare how well programs actually prepare students for the workforce.",Choosing a Major / University
Can I apply to university if I studied abroad in high school?,Yes! Universities welcome international applicants. You'll typically need to provide certified translations of your transcripts and meet the English language requirements if it's not your first language. Check each university's specific requirements.,Choosing a Major / University
What does accreditation mean for my degree?,"An accredited degree meets the quality standards set by a recognized authority, which means employers and institutions worldwide will recognize your qualification. Always verify that a university is accredited before enrolling.",Choosing a Major / University
How do I find universities that offer my specific field of interest?,"Use university ranking websites, government higher education portals, or tools like Coursera and QS World Rankings to filter programs by subject. You can also reach out to professional associations in your field for recommended institutions.",Choosing a Major / University
What is the difference between a lecture and a seminar?,"A lecture is a large group session where a professor presents material, often to hundreds of students. A seminar is a smaller, interactive discussion group where you engage more deeply with the topic alongside your peers and a tutor.",Choosing a Major / University
How do I manage the stress of choosing the right university?,"Take it one step at a time—research, visit campuses, talk to current students, and trust your instincts. Remember, there's rarely one perfect university; many schools can help you succeed if you stay focused and work hard.",Choosing a Major / University
What is early decision and should I apply through it?,"Early decision is a binding agreement where you commit to attending a university if accepted. It shows strong commitment and can improve your chances of acceptance, but only apply this way if you're completely certain it's your top choice.",Choosing a Major / University
What does it mean if a program has limited enrollment?,"Limited enrollment means there are only a fixed number of spots available, making admission more competitive. Apply early, ensure your application is outstanding, and consider having backup programs in case you don't make the cut.",Choosing a Major / University
How do I choose between universities with similar rankings?,"When rankings are close, look deeper at factors like campus culture, specific program strengths, scholarship availability, and career outcomes. Visiting both campuses or speaking with students often reveals the differences that rankings can't capture.",Choosing a Major / University
How does studying in a different city affect my experience?,"Studying away from home builds independence and confidence. You'll meet people from different backgrounds and develop life skills that go well beyond your degree. It can feel challenging at first, but most students say it's one of the best decisions they made.",Choosing a Major / University
What is portfolio-based admission and which programs use it?,"Programs in arts, design, architecture, and creative fields often ask for a portfolio of your work alongside your application. Your portfolio showcases your creative ability and originality—it can be just as important as your academic grades.",Choosing a Major / University
How does a university's industry connections benefit me?,"Strong industry connections mean better internship placements, guest lectures from professionals, networking events, and job leads after graduation. Ask universities about their employer partnerships before you decide where to apply.",Choosing a Major / University
What is a combined honors degree?,A combined honors degree lets you study two or more subjects at an equal or weighted level within a single program. It's ideal if you have broad interests and want the flexibility to enter different career paths after graduating.,Choosing a Major / University
How do I evaluate a university's student wellbeing support?,"Look for counseling services, peer mentoring programs, disability accommodations, and student feedback on welfare support. Universities that invest in mental health and student wellbeing tend to produce more satisfied and successful graduates.",Choosing a Major / University
What are the benefits of attending a local university?,"Studying close to home can significantly reduce your living costs and keep you connected to your family and local community. Local universities can also have strong ties to regional employers, making it easier to find work after graduation.",Choosing a Major / University
What is credit transfer and how does it work?,Credit transfer allows academic credits earned at one institution to count toward your degree at another. It's useful if you decide to change universities. Always confirm in advance which credits will be accepted to avoid losing progress.,Choosing a Major / University
How do I know if a university's facilities are good enough for my major?,"Look for well-equipped laboratories, studios, libraries, and technology resources specific to your field. Many universities post virtual campus tours and facility information online—check these alongside student reviews for an honest picture.",Choosing a Major / University
What is a postgraduate pathway and should I think about it now?,"A postgraduate pathway is your plan for further study after your undergraduate degree—such as a Master's or PhD. It's worth thinking about early if your target career requires advanced qualifications, so you can choose a university that supports that journey.",Choosing a Major / University
How do I evaluate a professor's teaching style before enrolling?,"Read student reviews on platforms like RateMyProfessors, attend open days where faculty present, and check if professors post lecture recordings or teaching materials online. A good teaching style can make a difficult subject far more enjoyable.",Choosing a Major / University
What is interdisciplinary study and why is it gaining popularity?,"Interdisciplinary study combines two or more fields to tackle complex problems—for example, combining computer science with healthcare to study medical technology. Employers increasingly value graduates who can think across boundaries and apply knowledge creatively.",Choosing a Major / University
What should I pack and prepare before starting university?,"Focus on essentials—bedding, kitchen basics, study materials, and personal documents. More importantly, prepare mentally by setting clear academic goals and getting familiar with campus resources before your first week begins.",Choosing a Major / University
Can I defer my university offer to start the following year?,"Many universities allow deferral, meaning you accept your place but start one year later. This is useful if you plan to travel, work, or complete a gap year. Always confirm the deferral policy with your specific university before making plans.",Choosing a Major / University
Are there scholarships based on community service?,"Definitely! Many organizations reward students who demonstrate meaningful community involvement or social impact. Look for service-based scholarships through NGOs, government programs, and university financial aid offices.",Scholarships & Financial Aid
How can I write a strong scholarship essay?,"Be authentic! Share a clear story about your goals, achievements, and how the scholarship will help you make a positive impact. Avoid generic phrases and let your genuine personality come through in every sentence.",Scholarships & Financial Aid
How can I find scholarships for international students?,"Most universities list scholarships on their official websites. You can also check government portals, trusted scholarship databases, and organizations in your home country that fund students studying abroad.",Scholarships & Financial Aid
Can I apply for more than one scholarship at a time?,Yes! Applying for multiple scholarships increases your chances of receiving support—just make sure you meet each program's requirements and tailor your application to each one individually.,Scholarships & Financial Aid
When is the best time to apply for financial aid?,Apply as early as possible—many scholarships have deadlines several months before the academic year starts. Starting early also gives you time to strengthen your application and gather all required documents.,Scholarships & Financial Aid
What are grants and how are they different from loans?,"Grants are funds you don't repay, while loans must be paid back with interest. Scholarships are typically merit-based; grants are often need-based. Understanding this difference helps you choose the right type of support.",Scholarships & Financial Aid
Do I need good grades to get a scholarship?,"Good grades help, but many scholarships also value leadership, volunteer work, unique talents, or financial need. Don't rule yourself out—there are scholarships designed for a wide range of students and backgrounds.",Scholarships & Financial Aid
What documents are needed for most scholarship applications?,"You'll usually need transcripts, a personal statement, recommendation letters, and proof of enrollment or acceptance. Some scholarships also require a CV, portfolio, or evidence of financial need.",Scholarships & Financial Aid
Where can I look for need-based financial aid?,Start with your university's financial aid office and reputable online platforms that match students to funding opportunities. Government education departments also provide need-based grants and bursaries worth exploring.,Scholarships & Financial Aid
How do student loans work?,"Student loans are borrowed funds you must repay with interest, usually after graduation and once you're earning above a certain threshold. Always review the repayment terms carefully before accepting a loan to avoid surprises later.",Scholarships & Financial Aid
What is the difference between a scholarship and a bursary?,"A scholarship is typically awarded for academic merit, talent, or achievement, while a bursary is usually given based on financial need. Both are forms of free funding—meaning you don't have to pay them back.",Scholarships & Financial Aid
How do I apply for a government student loan?,"Visit your national student finance authority's website and create an account to begin your application. You'll need proof of enrollment, your financial information, and sometimes your parents' income details depending on the loan type.",Scholarships & Financial Aid
Can international students apply for scholarships?,"Absolutely! Many universities, governments, and private organizations offer scholarships specifically for international students. Research both your home country's funding options and scholarships offered by your destination country.",Scholarships & Financial Aid
What is a merit-based scholarship?,"A merit-based scholarship is awarded based on academic excellence, leadership, sporting achievement, or other talents—not financial need. Focus on building a strong academic and extracurricular record to improve your chances.",Scholarships & Financial Aid
What is a need-based scholarship?,A need-based scholarship is awarded to students who demonstrate financial hardship. You'll usually be asked to provide income information for yourself or your household to prove eligibility. These scholarships help ensure education remains accessible.,Scholarships & Financial Aid
How do I search for scholarships online?,"Use dedicated scholarship search platforms like Scholarship.com, Fastweb, or your government's education portal. Set up alerts for deadlines and create a tracking spreadsheet so you never miss an opportunity.",Scholarships & Financial Aid
What is FAFSA and who should complete it?,"FAFSA stands for the Free Application for Federal Student Aid in the United States. Any student planning to study at a US institution should complete it to determine eligibility for federal grants, loans, and work-study programs.",Scholarships & Financial Aid
Can a scholarship be taken away once it's awarded?,"Yes, some scholarships come with conditions such as maintaining a minimum GPA or remaining enrolled full-time. Always read the terms carefully so you understand what's required to keep your funding throughout your studies.",Scholarships & Financial Aid
What is work-study and how does it help with finances?,Work-study is a financial aid program that provides part-time employment opportunities—usually on campus—to help students cover their expenses. It's a great way to earn money while gaining professional experience during your degree.,Scholarships & Financial Aid
How much money can I realistically get from scholarships?,"This varies widely—some scholarships cover full tuition and living expenses, while others offer a few hundred dollars toward study materials. Combining multiple smaller scholarships is a common and effective strategy for covering costs.",Scholarships & Financial Aid
What is a full-ride scholarship?,"A full-ride scholarship covers all your education expenses, including tuition, accommodation, meals, and sometimes travel. These are highly competitive, so focus on building an exceptional academic and extracurricular profile.",Scholarships & Financial Aid
How do I write a scholarship application that stands out?,Tailor every application to the specific scholarship's values and goals. Use concrete examples from your life to show—not just tell—why you deserve the award. Proofread carefully and ask someone you trust to review it before submitting.,Scholarships & Financial Aid
What happens if I don't use all my scholarship money?,"Policies vary by scholarship. Some providers let unused funds carry over to the next academic year, while others require you to return unused amounts. Always check the terms of your specific award and contact the provider if you're unsure.",Scholarships & Financial Aid
Are there scholarships for students with disabilities?,"Yes, many universities and disability advocacy organizations offer specific funding for students with disabilities. Contact your university's disability support office and search national disability charity websites for available opportunities.",Scholarships & Financial Aid
Can I negotiate a financial aid package with a university?,"Yes, it's possible! If you've received a stronger offer from another institution, you can politely ask your preferred university to review your package. Provide evidence of competing offers and clearly explain your financial situation.",Scholarships & Financial Aid
What is a tuition waiver?,"A tuition waiver is when a university agrees to reduce or fully eliminate your tuition fees, often as part of a scholarship, assistantship, or employment arrangement. It's different from a loan—you don't need to repay it.",Scholarships & Financial Aid
How do student living costs affect my financial aid needs?,"Living costs—including rent, food, transport, and books—can exceed tuition in expensive cities. When planning your budget, always account for these expenses alongside tuition, and look for scholarships that specifically include a living allowance.",Scholarships & Financial Aid
What is an assistantship and how do I get one?,An assistantship is a funded position—usually at postgraduate level—where you assist with teaching or research in exchange for a stipend and often a tuition reduction. Check with your university's graduate school for available positions.,Scholarships & Financial Aid
Are there scholarships for first-generation university students?,Yes! Many foundations and universities specifically support students who are the first in their family to attend higher education. Search for first-generation scholarships in your country—these programs are designed to remove financial barriers for you.,Scholarships & Financial Aid
What is a renewable scholarship?,"A renewable scholarship is one that can be extended for multiple academic years, provided you continue to meet the award conditions—such as maintaining a minimum GPA. Always confirm the renewal requirements before accepting any scholarship.",Scholarships & Financial Aid
How do I find local community scholarships?,"Check with your local municipality, community foundations, religious organizations, and businesses in your area. Local scholarships are often less competitive than national ones, so they're a great starting point for your search.",Scholarships & Financial Aid
What is an endowment scholarship?,An endowment scholarship is funded by a permanent investment made by donors to a university or foundation. The interest generated from the investment funds the scholarship each year. These awards are often prestigious and come with strong reputations.,Scholarships & Financial Aid
Should I apply for scholarships before I receive my university acceptance?,Yes! Many external scholarships don't require an acceptance letter to apply. Applying early and widely increases your options. Just update scholarship providers once you receive your official offer from a university.,Scholarships & Financial Aid
What is a departmental scholarship?,"A departmental scholarship is offered by a specific faculty or department within a university to attract strong students to their program. If you're applying to a competitive major, ask the department directly about any funding opportunities they offer.",Scholarships & Financial Aid
How do employers' scholarship programs work?,Some companies sponsor students' university education in exchange for a commitment to work for them after graduation. These programs are called sponsored scholarships or cadetships. Research companies in your industry of interest to find available programs.,Scholarships & Financial Aid
Can mature students apply for scholarships?,"Yes! Mature students—those who return to education after working or raising a family—are eligible for many scholarships. Some are specifically designed for mature learners, recognizing the unique challenges of returning to study.",Scholarships & Financial Aid
What is a scholarship interview and how should I prepare for it?,"A scholarship interview is a panel conversation where you discuss your goals, achievements, and motivations. Prepare by researching the organization, practicing common questions, and being ready to speak confidently about why you deserve the award.",Scholarships & Financial Aid
What financial support is available for single parents in university?,"Many universities offer specific bursaries, childcare funding, and flexible study options for single parents. Check with your university's welfare team and look for national grants aimed at supporting parents returning to education.",Scholarships & Financial Aid
How does studying part-time affect my financial aid?,"Studying part-time can reduce the amount of financial aid you receive, as many grants and loans are calculated based on full-time study. Check with your university's financial aid office to understand how a part-time schedule affects your specific funding.",Scholarships & Financial Aid
What is the difference between subsidized and unsubsidized loans?,"Subsidized loans don't accrue interest while you're studying, making them the more affordable option. Unsubsidized loans start accumulating interest from the day they're issued. Always take subsidized loans first if you have the choice.",Scholarships & Financial Aid
How do I budget as a university student?,"Start by listing all your income—scholarships, family support, part-time work—and then map out your monthly expenses. Apps like Monzo or YNAB can help you track spending. Cook at home when possible and look for student discounts to stretch your money further.",Scholarships & Financial Aid
What is a student bank account and do I need one?,A student bank account is a special account offered by banks with features like interest-free overdrafts and student perks. Opening one is a smart move—it gives you a safety net for unexpected expenses and helps you manage your finances independently.,Scholarships & Financial Aid
Are there scholarships for students from developing countries?,"Yes, many international scholarships specifically target students from developing nations. Programs like the Commonwealth Scholarship, Chevening, and Fulbright are well-known examples. Search your country's education ministry website for national funding opportunities too.",Scholarships & Financial Aid
Can I apply for both government grants and private scholarships?,"Absolutely! Stacking funding from multiple sources—government grants, university scholarships, and private awards—is a smart and perfectly legal strategy. Just make sure you're not exceeding any income limits set by specific programs.",Scholarships & Financial Aid
What is financial hardship funding and how do I access it?,"Financial hardship funds are emergency grants offered by universities to students facing unexpected financial crises. If you're struggling, contact your student services team as soon as possible—these funds are designed specifically to help you stay enrolled.",Scholarships & Financial Aid
How do I prove financial need for a scholarship?,"Most need-based scholarships ask for household income documentation, tax returns, or a financial statement. Be honest and thorough in your submission—fabricating financial information can result in losing your award permanently.",Scholarships & Financial Aid
What is a Commonwealth Scholarship?,"The Commonwealth Scholarship is a prestigious award funded by Commonwealth governments that enables students from member countries to study in other Commonwealth nations. It's highly competitive and covers tuition, travel, and living expenses.",Scholarships & Financial Aid
How do I write a compelling personal statement for a scholarship?,"Focus on your unique journey—where you've come from, what challenges you've overcome, and what impact you hope to make. Scholarship committees read hundreds of applications, so your authentic voice and specific examples are what will make yours memorable.",Scholarships & Financial Aid
What is a Chevening Scholarship?,"The Chevening Scholarship is a UK government award for outstanding emerging leaders from around the world. It covers a one-year Master's degree at a UK university and includes tuition, living costs, and return airfare. Applications open annually.",Scholarships & Financial Aid
How does part-time work affect my scholarship eligibility?,"Most scholarships don't restrict you from working part-time. However, some awards calculate your total income and may adjust the amount if you earn above a certain threshold. Always read your scholarship's terms and conditions carefully.",Scholarships & Financial Aid
What is the Erasmus+ program?,Erasmus+ is a European Union program that funds students to study or work abroad in another European country as part of their degree. It covers travel costs and provides a monthly stipend. Ask your university's international office for details.,Scholarships & Financial Aid
Are there scholarships specifically for women in STEM?,"Yes! Many organizations, including the L'Oréal Foundation, Google, and various governments, offer scholarships specifically to support women pursuing STEM degrees. Search for women-in-STEM scholarships in your country and field of interest.",Scholarships & Financial Aid
What is a sports scholarship?,"A sports scholarship is awarded to students who demonstrate exceptional athletic ability. These are offered by many universities and can cover tuition, accommodation, and coaching support. You'll usually need to try out for the university's team as part of the application.",Scholarships & Financial Aid
How do I find scholarships that match my background or identity?,"Search for scholarships based on your ethnicity, religion, nationality, gender, disability status, or community background. Many foundations focus specifically on underrepresented groups—these scholarships are designed to support students like you.",Scholarships & Financial Aid
What should I do if my scholarship application is rejected?,"Don't be discouraged—rejection is part of the process. Ask for feedback if possible, strengthen the weak areas of your application, and reapply the following year. Meanwhile, explore alternative scholarships and funding sources you haven't applied to yet.",Scholarships & Financial Aid
How do universities calculate financial aid packages?,"Universities consider your household income, the cost of attendance, and any existing scholarships or grants you've received. The financial aid package is designed to bridge the gap between what your family can afford and the total cost of your education.",Scholarships & Financial Aid
What is a tuition payment plan?,A tuition payment plan allows you to spread your fees across monthly installments rather than paying a lump sum at the start of each semester. Many universities offer this at no extra cost—check with your finance office to enroll.,Scholarships & Financial Aid
Can I use scholarship money to pay for accommodation?,"It depends on the scholarship. Some awards are specifically for tuition, while others provide a general living allowance that covers accommodation, food, and transport. Read your scholarship terms carefully and keep records of all your spending.",Scholarships & Financial Aid
How do I manage my finances if my scholarship doesn't cover everything?,"Create a detailed budget to see exactly where the gap is. Consider part-time work, applying for additional small scholarships, or exploring emergency hardship funds at your university. Speaking to a student financial adviser can also help you find solutions.",Scholarships & Financial Aid
What is loan forgiveness and is it available for students?,"Loan forgiveness programs cancel part or all of your student loan after you've worked in a qualifying field—such as public service, teaching, or healthcare—for a set number of years. Research what's available in your country after graduation.",Scholarships & Financial Aid
How do I keep track of multiple scholarship deadlines?,"Create a spreadsheet with each scholarship's name, deadline, required documents, and submission status. Set calendar reminders at least two weeks before each deadline so you have enough time to review and refine your application.",Scholarships & Financial Aid
What are some red flags that a scholarship might be a scam?,"Be cautious of scholarships that ask for a fee to apply, guarantee you'll win, or request sensitive personal information like your bank details. Legitimate scholarships never charge application fees—always verify through the organization's official website.",Scholarships & Financial Aid
How does taking a gap year affect my financial aid?,Taking a gap year may delay your access to financial aid until you enroll in university. Some scholarships also have age limits or require enrollment within a specific timeframe. Check with each scholarship provider before making your gap year plans.,Scholarships & Financial Aid
What is a scholarship bond?,A scholarship bond is an agreement where an organization funds your studies in exchange for a commitment to work for them for a specified period after graduation. Carefully read the bond terms before accepting—breaking a bond can come with financial penalties.,Scholarships & Financial Aid
Are there scholarships that include a mentorship component?,"Yes! Many prestigious scholarships pair recipients with professional mentors in their field. These programs offer not just financial support but invaluable career guidance, networking opportunities, and personal development throughout your studies.",Scholarships & Financial Aid
How do currency exchange rates affect international scholarship recipients?,"If your scholarship is paid in a foreign currency, exchange rate fluctuations can affect the real value of your funding. Open a bank account in your study country as soon as possible and monitor exchange rates to manage this risk.",Scholarships & Financial Aid
Can I defer a scholarship if I defer my university place?,"Some scholarships allow deferral, but many don't. Contact the scholarship provider directly as soon as you know you want to defer—don't assume it's automatically allowed. Failing to do so could result in losing the award entirely.",Scholarships & Financial Aid
What is a graduate assistantship?,"A graduate assistantship is a funded role at postgraduate level where students assist with teaching, research, or administration in exchange for tuition reduction and a living stipend. These are usually advertised through university graduate school offices.",Scholarships & Financial Aid
How do I request more financial aid from a university?,"Write a polite, professional appeal letter to the financial aid office explaining your specific circumstances and any changes in your financial situation. Include any supporting documents and express your genuine enthusiasm for attending their institution.",Scholarships & Financial Aid
Are there scholarships for students studying online?,"Yes, many scholarships are open to students regardless of whether they study online or in person, as long as the institution is accredited. Some scholarships are specifically designed for online learners—search scholarship databases and filter by study mode.",Scholarships & Financial Aid
What is a living cost stipend in a scholarship?,"A living cost stipend is an additional amount of money included in some scholarships to help cover your day-to-day expenses—such as rent, food, and transport—beyond just your tuition fees. It makes a significant difference to your quality of life as a student.",Scholarships & Financial Aid
How do I report scholarship income for tax purposes?,"Tax rules on scholarships vary by country. In many places, scholarship money used strictly for tuition and academic materials is tax-exempt, while living allowances may be taxable. Consult your national tax authority or a financial advisor for guidance specific to your situation.",Scholarships & Financial Aid
What is a rotary scholarship?,"The Rotary Foundation Scholarships support students in fields related to peace, conflict resolution, and development. Recipients study abroad and become part of a global network of leaders committed to positive change. Applications are submitted through local Rotary clubs.",Scholarships & Financial Aid
How can I make my scholarship application more competitive?,"Apply early, tailor every essay to the specific scholarship's values, secure strong recommendation letters, and demonstrate leadership in your community. The more specific and authentic your application, the more it will resonate with selection committees.",Scholarships & Financial Aid
What is the Gates Cambridge Scholarship?,"The Gates Cambridge Scholarship is one of the most prestigious international awards, funded by the Bill and Melinda Gates Foundation. It enables outstanding students from outside the UK to pursue a postgraduate degree at the University of Cambridge.",Scholarships & Financial Aid
What should I do after receiving a scholarship?,"Write a thank-you letter to the scholarship provider, fulfill any reporting or academic requirements tied to the award, and stay connected with the organization. Being a responsible and grateful recipient improves your reputation and may open doors to future opportunities.",Scholarships & Financial Aid
How do I find scholarships for my specific field of study?,"Search for scholarships through professional associations in your field, university department websites, and industry organizations. For example, engineering students might find funding through engineering institutes, while healthcare students can look to medical foundations.",Scholarships & Financial Aid
Can I use a scholarship for study materials and equipment?,"Many general scholarships allow you to use funds for academic materials, textbooks, and equipment as part of your study expenses. However, some awards strictly restrict funding to tuition only—read your scholarship agreement carefully before spending.",Scholarships & Financial Aid
What is a social mobility scholarship?,Social mobility scholarships are designed to support students from disadvantaged or underrepresented backgrounds who show potential but face financial barriers. Universities and charities offer these awards specifically to widen access to higher education.,Scholarships & Financial Aid
How do I find out about internal university scholarships?,"Visit your university's financial aid or scholarships webpage, attend financial aid information sessions, and speak directly with your faculty's administrative team. Many internal scholarships are underadvertised, so being proactive pays off.",Scholarships & Financial Aid
What is the Rhodes Scholarship?,"The Rhodes Scholarship is one of the world's oldest and most celebrated international awards, enabling outstanding students from around the world to study at the University of Oxford. It covers all university fees and provides a generous living allowance.",Scholarships & Financial Aid
Are there scholarships for students interested in public service?,"Yes! Many government bodies, NGOs, and foundations fund students who are committed to careers in public service, policy, diplomacy, or community development. Research awards like the Public Service Scholarship or contact your government's education ministry.",Scholarships & Financial Aid
What is conditional financial aid?,"Conditional financial aid is funding that requires you to meet ongoing criteria—such as maintaining a minimum GPA, studying full-time, or completing community service hours. Falling below these conditions can result in your aid being reduced or withdrawn.",Scholarships & Financial Aid
Can I get a scholarship based on my artistic talents?,"Absolutely! Many universities and arts foundations offer scholarships for students with exceptional talent in music, visual arts, drama, or creative writing. You'll typically need to submit a portfolio or audition as part of your application.",Scholarships & Financial Aid
What is the difference between in-state and out-of-state tuition?,"In the United States, public universities charge lower tuition to residents of their state (in-state students) than to students from other states (out-of-state). The difference can be substantial, so factor this into your financial planning when applying to US institutions.",Scholarships & Financial Aid
How do I find scholarships in my host country as an international student?,"Check with your host university's international office, your home country's embassy in the host country, and dedicated international student scholarship portals. Many countries also have bilateral education agreements that create exclusive funding opportunities.",Scholarships & Financial Aid
What are the benefits of applying to lesser-known scholarships?,"Lesser-known scholarships receive fewer applications, which means your chances of winning are often higher. They may also support niche fields or backgrounds that larger, more competitive awards overlook. Cast a wide net in your scholarship search strategy.",Scholarships & Financial Aid
How do I follow up after submitting a scholarship application?,"Send a brief, polite email confirming your application was received if you haven't had a confirmation. Avoid multiple follow-ups—scholarship committees are busy. Focus your energy on other applications while you wait for a response.",Scholarships & Financial Aid
What is a scholarship disbursement and how does it work?,Disbursement is when your scholarship funds are actually released to you or directly to your university. Some scholarships pay tuition directly to the institution and provide a separate living allowance to your bank account. Understand the payment schedule before you start spending.,Scholarships & Financial Aid
What is a thesis and will I have to write one?,"A thesis is an extended research paper that some undergraduate programs require in the final year. Not all programs include a thesis, but if yours does, it's a chance to explore a topic you're passionate about in real depth under the guidance of a supervisor.",Choosing a Major / University
How do I choose a university if I want to study medicine?,"Medical programs are highly competitive, so focus on universities with strong clinical placements, research facilities, and pass rates in medical licensing exams. Some countries require a separate medical entrance exam, so check requirements carefully before applying.",Choosing a Major / University
Is it possible to complete a degree faster than the standard duration?,"In some programs, you can take extra courses per semester or transfer advanced credits to graduate earlier. However, consider whether rushing your degree is worth the reduced time for internships, networking, and personal development.",Choosing a Major / University
What does a typical university timetable look like?,"Your weekly schedule will include lectures, seminars, and lab sessions depending on your program. Most students have between 15 and 25 contact hours per week, with the rest of your time dedicated to self-study, assignments, and extracurricular activities.",Choosing a Major / University
How do I get involved in university research as an undergraduate?,Reach out directly to professors whose research interests you and ask if they take on undergraduate research assistants. Many departments also advertise formal undergraduate research programs—these look excellent on your CV and can lead to publications.,Choosing a Major / University
What is a university prospectus and how should I use it?,"A university prospectus is a detailed guide to all the programs, facilities, and student services a university offers. Use it alongside independent student reviews and ranking data—it's a great starting point, but remember it's also a marketing document.",Choosing a Major / University
How do I know if I am ready for university-level study?,"If you can manage your time independently, read critically, and stay motivated without constant supervision, you're well on your way. University-level work is more demanding than high school, but every student has a period of adjustment—be patient with yourself.",Choosing a Major / University
What is the difference between a semester and a trimester system?,"A semester system divides the academic year into two longer terms, while a trimester system divides it into three shorter ones. Trimesters allow you to cover more courses annually but can feel more intense. Check which system your prospective university uses.",Choosing a Major / University
What should I ask university representatives at a scholarship fair?,"Ask about available scholarships, application deadlines, first-year support services, and what makes their program unique. Take notes, collect contact information, and follow up with any questions you didn't have time to ask on the day.",Choosing a Major / University
Can I study two languages as my university major?,"Yes! Many universities offer combined language degrees where you study two languages alongside their cultures and literatures. Language graduates are highly employable in international business, diplomacy, translation, and education.",Choosing a Major / University
What does academic integrity mean at university?,Academic integrity means submitting original work and honestly representing your sources. Universities take plagiarism and cheating very seriously—always cite your references properly and never submit someone else's work as your own.,Choosing a Major / University
How do I stay motivated during my first year of university?,"Set small, achievable weekly goals and celebrate your progress. Build a study routine early, join clubs to stay socially engaged, and don't hesitate to seek support from tutors or counselors if you're struggling. Your first year is a big adjustment—be kind to yourself.",Choosing a Major / University
What is a capstone project in university?,A capstone project is a culminating assignment in the final year of many programs where you apply everything you've learned to solve a real problem or produce a significant piece of work. It's often your chance to demonstrate your skills to future employers.,Choosing a Major / University
What career paths can a business degree lead to?,"A business degree opens doors in management, finance, marketing, entrepreneurship, consulting, and human resources, among others. The analytical and communication skills you develop are transferable across virtually every industry.",Choosing a Major / University
What is a full scholarship and what does it typically cover?,"A full scholarship covers all the costs associated with your studies—including tuition, accommodation, meals, and sometimes travel and health insurance. These are the most competitive awards, so a strong academic record and compelling personal statement are essential.",Scholarships & Financial Aid
Are there scholarships for students who want to study medicine?,Yes! Medical schools and healthcare foundations offer specific scholarships for aspiring doctors and healthcare professionals. Some government programs also fund medical students in exchange for a commitment to work in public health after graduation.,Scholarships & Financial Aid
How do I find scholarships for postgraduate study?,"Search your university's postgraduate funding page, national research councils, and professional bodies in your field. Many companies also offer postgraduate scholarships for students who commit to working with them after completing their degree.",Scholarships & Financial Aid
What is a Fulbright Scholarship?,"The Fulbright Program is a prestigious US government scholarship that funds international students to study, research, or teach in the United States. It's one of the most recognized international exchange programs and is highly competitive across all fields.",Scholarships & Financial Aid
How do I stay eligible for my scholarship throughout my degree?,Meet all academic requirements—such as minimum GPA—and stay enrolled as required by your award terms. Attend any scholarship events or reporting sessions and notify your scholarship provider immediately if your circumstances change significantly.,Scholarships & Financial Aid
What is a professional development grant?,"A professional development grant provides funding for activities that advance your career—such as attending conferences, completing professional certifications, or undertaking short courses. Many universities and industry bodies offer these alongside academic scholarships.",Scholarships & Financial Aid
Can students from conflict-affected regions access special funding?,"Yes! Organizations like UNHCR, universities, and various NGOs offer specific scholarships and emergency funding for students displaced by conflict. Search for refugee and displaced student scholarship programs in your target study country.",Scholarships & Financial Aid
What is a student emergency fund and when should I use it?,"A student emergency fund is a pot of money your university holds for students facing sudden financial crises—such as job loss, family bereavement, or unexpected medical costs. Contact your student welfare office promptly if you're in financial difficulty.",Scholarships & Financial Aid
How do I build a strong scholarship portfolio over time?,"Keep a record of your academic achievements, leadership roles, community service, and any awards. Update your CV regularly and ask for recommendation letters while your achievements are still fresh in your teachers' minds.",Scholarships & Financial Aid
What is a reciprocal scholarship?,A reciprocal scholarship is an exchange agreement between two countries or universities where a student from one institution studies at the other with full or partial funding. These programs promote cultural exchange and international academic collaboration.,Scholarships & Financial Aid
Are there scholarships for students who want to study the arts?,"Yes! Many arts foundations, universities, and cultural organizations offer funding for students in fine art, music, theatre, and creative writing. A strong portfolio and audition performance are usually the key criteria for these awards.",Scholarships & Financial Aid
